review_id,order_id,review_score,review_creation_date,review_answer_timestamp
7bc2406110b926393aa56f80a40eba40,73fc7af87114b39712e6da79b0a377eb,4,1/18/2018 0:00,1/18/2018 21:46
80e641a11e56f04c1ad469d5645fdfde,a548910a1c6147796b98fdf73dbeba33,5,3/10/2018 0:00,3/11/2018 3:05
228ce5500dc1d8e020d8d1322874b6f0,f9e4b658b201a9f2ecdecbb34bed034b,5,2/17/2018 0:00,2/18/2018 14:36
e64fb393e7b32834bb789ff8bb30750e,658677c97b385a9be170737859d3511b,5,4/21/2017 0:00,4/21/2017 22:02
f7c4243c7fe1938f181bec41a392bdeb,8e6bfb81e283fa7e4f11123a3fb894f1,5,3/1/2018 0:00,3/2/2018 10:26
15197aa66ff4d0650b5434f1b46cda19,b18dcdf73be66366873cd26c5724d1dc,1,4/13/2018 0:00,4/16/2018 0:39
07f9bee5d1b850860defd761afa7ff16,e48aa0d2dcec3a2e87348811bcfdf22b,5,7/16/2017 0:00,7/18/2017 19:30
7c6400515c67679fbee952a7525281ef,c31a859e34e3adac22f376954e19b39d,5,8/14/2018 0:00,8/14/2018 21:36
a3f6f7f6f433de0aefbb97da197c554c,9c214ac970e84273583ab523dfafd09b,5,5/17/2017 0:00,5/18/2017 12:05
8670d52e15e00043ae7de4c01cc2fe06,b9bf720beb4ab3728760088589c62129,4,5/22/2018 0:00,5/23/2018 16:45
c9cfd2d5ab5911836ababae136c3a10c,cdf9aa68e72324eeb25c7de974696ee2,5,12/23/2017 0:00,12/26/2017 14:36
96052551d87e5f62e6c9f6974ec392e9,3d374c9e46530bb5ed4a7648915306a6,5,12/19/2017 0:00,12/20/2017 10:25
4b49719c8a200003f700d3d986ea1a19,9d6f15f95d01e79bd1349cc208361f09,4,2/16/2018 0:00,2/20/2018 10:52
23f75a37effc35d9a915b4e1ad483793,2eaf8e099d871cd5c22b83b5ea8f6e0e,4,3/28/2018 0:00,3/30/2018 15:10
9a0abbb668bafb95a6d2b05db43284c4,d7bd0e4afdf94846eb73642b4e3e75c3,3,4/30/2017 0:00,5/3/2017 0:02
3948b09f7c818e2d86c9a546758b2335,e51478e7e277a83743b6f9991dbfa3fb,5,5/23/2018 0:00,5/24/2018 3:00
9314d6f9799f5bfba510cc7bcd468c01,0dacf04c5ad59fd5a0cc1faa07c34e39,2,1/18/2018 0:00,1/20/2018 21:25
8e15a274d95600fa14f8be64e37a0e67,ff1581e08b3011021e7c7de592ddc81e,5,3/24/2018 0:00,3/26/2018 15:58
fdbdb2629a7cde0f66657acc92084e7f,70a752414a13d09cc1f2b437b914b28e,3,9/29/2017 0:00,10/2/2017 1:12
373cbeecea8286a2b66c97b1b157ec46,583174fbe37d3d5f0d6661be3aad1786,1,8/15/2018 0:00,8/15/2018 4:10
a2ff510ca4e059c3fefc7a7866571f6f,a9953b2f0b1665ac7586cc5a6ac8f58c,4,10/6/2017 0:00,10/8/2017 22:36
80c70bc263881ba6525f6cee1d94ac87,ae168dfba236919411fe08f336fefa44,5,3/17/2018 0:00,4/4/2018 19:41
d21bbc789670eab777d27372ab9094cc,4fc44d78867142c627497b60a7e0228a,5,7/10/2018 0:00,7/11/2018 14:10
7bcb3c758c67f23638262c731493e848,7c9956750739a47dba7a6928ba2f0245,5,9/9/2017 0:00,10/17/2017 2:25
0e0190b9db53b689b285d3f3916f8441,79832b7cb59ac6f887088ffd686e1d5e,5,12/1/2017 0:00,12/9/2017 22:58
66e4430c5bc6b7e3773886bf1c14d912,84cec4f65c7a4f2f54c294a30224a594,5,6/23/2017 0:00,6/27/2017 0:52
bf566b3910c328733baf7fca7d2be041,a59a15e4b6085c752d338431dc68d464,4,11/1/2017 0:00,11/1/2017 20:25
fe3db7c069d694bab50cc43463f91608,2ca73e2ff9e3a186ad1e1ffb9b1d9c10,5,3/23/2018 0:00,4/1/2018 0:27
e07eee7ad7666276bd8b27fbd83fd1ff,68b3cbc68e4cd1fe19bec35f1d3bb7ee,5,3/29/2018 0:00,4/2/2018 14:19
2c5e27fc178bde7ac173c9c62c31b070,0ce9a24111d850192a933fcaab6fbad3,1,12/13/2017 0:00,12/16/2017 7:14
540e7bbb2d06cfb7f85f3a88ba7ac97f,cf73e2cb1f4a9480ed70c154da3d954a,5,1/18/2018 0:00,1/18/2018 19:12
6a18a4001ae7fd911b3b9fb13686d105,8ba3f3a9292fbc22a8b7dff752bbcd37,5,7/19/2017 0:00,7/20/2017 10:38
58044bca115705a48fe0e00a21390c54,68e55ca79d04a79f20d4bfc0146f4b66,1,4/8/2018 0:00,4/9/2018 12:22
19a52a2297e5289ab4187d238d335982,677c865b89aa97e7dbeb4bfbb50bbcfd,5,8/25/2018 0:00,8/26/2018 22:02
c92cdd7dd544a01aa35137f901669cdf,37e7875cdce5a9e5b3a692971f370151,4,6/7/2018 0:00,6/9/2018 18:44
c0f4c8301f8c29d6f53d239e194bb4c2,04db86e3493b3724ac4bd3c9a397e23c,5,9/12/2017 0:00,9/13/2017 14:33
08c9d79ec0eba1d252e3f52f14b8e6a9,e029f708df3cc108b3264558771605c6,5,6/13/2018 0:00,6/13/2018 22:54
2170c9452c2216457b36003fe2969fbb,af32671d0b8ce510a94d9111d97371d3,5,3/22/2018 0:00,3/30/2018 23:37
b193ff3c9f32a01f3a0d9ae26b94d244,e2e6ee1ed2d7f2f36b05d234983bd7a0,5,8/10/2018 0:00,8/11/2018 0:22
9fd59cd04b42f600df9f25e54082a8d1,3c314f50bc654f3c4e317b055681dff9,1,4/21/2017 0:00,4/23/2017 5:37
ab3056e4fb5a36df4b58c1746e4a6b8f,aad1dcbe4c9fe2e3486e5e04c6649097,2,5/13/2018 0:00,5/14/2018 16:29
eb26c2bfb5030f57dcef30d3f111eb1e,88096595631e8d26b658306256e3ce34,1,2/8/2018 0:00,2/10/2018 4:28
caf7d6d68090fedf0f47b27aff4b4eaf,c186ebe3937470a2f562a2dc0bc74dd7,5,12/5/2017 0:00,12/7/2017 23:34
86c5cfa7fcbde303f704b60a78ced7d6,a6456e781cb962cc3f412b04de4fed7b,5,6/13/2018 0:00,6/14/2018 17:29
6f3eb43ec2f5092cf04c8d705864a8ac,f3a9c397a2fa5a2366b4b96bc15737f6,5,3/11/2018 0:00,3/14/2018 0:38
3dc0777d97733a1d066f5b781e91577f,44a9994228432b835c3a4e720b6a41ab,4,3/29/2018 0:00,3/31/2018 0:13
e363a3c172db72d6a8b82d0726cd2ddb,1a36784e5c696071dad8a242f26b230f,5,1/25/2018 0:00,2/18/2018 23:03
890ec1767be8eb104877db6d68eaade5,b3271f5ebce80cbecb67c5b88487a44a,5,5/13/2017 0:00,5/14/2017 2:57
23f570a1b0db9566bee04521a0410c54,82c5edeff15e09a0460d292874766132,5,9/22/2017 0:00,9/23/2017 13:57
7d9ac3e98adc0c8ad579e6a2257d79f9,dfa48852c93427261c98fb2e01f33bea,5,4/24/2018 0:00,4/25/2018 16:01
c41bd21983e298a240410ebb391bf075,9562b424b05978a493db2a5122ecab1f,5,5/19/2017 0:00,5/21/2017 3:04
e233e51d11511bf30e568c76360ace52,548df2c6e5f089574614894bca78acf5,1,1/28/2018 0:00,2/4/2018 11:06
1a74d76543e1b419b48daebee364c281,14861b02076ed7da9471988265a0104b,5,7/14/2018 0:00,7/16/2018 20:09
1edd1a85161468a77e5fcb165be9b294,d8e17cc85323061493b16b68a130bcff,5,6/2/2018 0:00,6/2/2018 23:15
94c4db81ff5c234f53b54a15a8a41583,3fb155b4897652f5cdf1b5efff32a465,5,12/15/2017 0:00,12/17/2017 14:43
3d94fd645cdaacc8c9f0dc0a2a1f5166,4d483bf690ca21bdc005df9b623673c7,5,3/21/2017 0:00,3/22/2017 0:58
cb6fe4f91f83d9222b7c8e14959055e1,84226f5c73669d7711ca44aa9cac602a,3,5/10/2018 0:00,5/13/2018 22:51
45a523faa4defdf60118a90301b8a23e,26c4ac9998f72d4fcdca3c6e27089f1b,3,10/27/2017 0:00,10/27/2017 16:12
6eab2c9b7ea4975a0b0357a4c464b356,55101b36a58251926b6cbfdb540c0461,4,5/31/2018 0:00,6/4/2018 23:44
500c05500aa275953129f49799ee5c73,8a9424899aac432d80d8e580932b5ee9,5,7/25/2018 0:00,7/25/2018 21:37
399133d47ddc5f40df57c1ceba4e4540,603d76b730c972775ccf2a910bf23490,5,4/3/2018 0:00,4/3/2018 23:39
6a0969d0769d2f3ff6438809a1cc455e,32638fbca8d1a197e649fd5138e12049,5,6/2/2017 0:00,6/3/2017 13:12
8a64945e89526e68bc16383391590232,71960e6af960919256a958a3633e1040,5,4/18/2018 0:00,4/18/2018 22:30
ca7402594d96f3231ee1bbae27da1e29,36782087b0d4f8cd6daa340872006259,5,2/20/2018 0:00,2/21/2018 1:40
c0dbf9a325d2a2fece43873be47191e1,b324f4270850cbba23533b9a9d3434a9,4,4/4/2018 0:00,4/6/2018 15:43
9924ac6169f2edc95ca3394e529f9580,a3ba7fa5266d62188949da3d6ccc3884,5,2/27/2018 0:00,3/2/2018 8:33
e12a8d938f3092e010627d001f91d137,b3dca2e199b13ddabab4ed77d79ee9f6,5,6/3/2018 0:00,6/6/2018 12:41
109b5ce2dd11bb8460eff3b86da6fefc,25362fbf6aac4b01a28dee1e076acc26,5,8/17/2018 0:00,8/17/2018 21:47
6d06808638ec0701bccd70bc8d462c28,97d2f8fe76f2f253b8291e17b5383884,1,12/9/2016 0:00,12/19/2016 14:10
750d4311e8ddb6cba549ee86f06f0cca,4b32a4cdfc1b80066a8ee3a4b7a2094f,5,8/9/2017 0:00,8/9/2017 12:03
951a3591f5bcc0b0c558461c9bf49d8e,801524a8fbd37484e8d8c23448f113b5,3,7/14/2018 0:00,7/14/2018 21:04
77ed4f94b3638d1f0b0a2dd781c11a8c,5f8772295e1adb4e4832c988d6b631b6,5,4/10/2018 0:00,4/12/2018 10:28
2a3eba09af2fbcd3a20580e62e7b7465,366df9c0b0d5d46f8afc476dc4ca7671,4,1/31/2018 0:00,2/1/2018 2:09
8b230a1373c6dc4bd867099fda1d7039,071251fe3b3493294536f03737a8a679,3,11/9/2017 0:00,11/10/2017 10:38
4a1c0e7a111f33f2be53506db4887b1a,0feb8ce954124d3e3d8338c573a9c523,5,8/28/2018 0:00,8/29/2018 2:00
cb2fc3e5711b5ae85e0491ee18af63ed,34e6d418f368f8079ae152bc178bc66a,3,1/31/2018 0:00,1/31/2018 23:29
60c714ed14cef913944a3147094a4742,9ac05114800f02bfaa783bd76842dbe2,1,7/3/2018 0:00,7/5/2018 19:03
b42460e68676135205af8b8c13baf6ae,5b2e79428198e5ce482f9ec1bd1014c3,5,7/29/2017 0:00,8/1/2017 18:43
505587fad6e7130f579fe9f02017ede4,64ff87188034c4f3dcd52e63db7d045f,4,6/14/2018 0:00,6/18/2018 22:53
c45811d9f90e22a81155b3a1e4a5c2e8,491f193fc52075598871cfe6f19976d4,5,6/19/2018 0:00,6/19/2018 17:44
e29ab4a671400c41322e4855de633c6a,17b296b73ebefd6213299342b09f097f,5,8/9/2017 0:00,8/11/2017 23:28
c577faa817a66c6f1492728435f53cd0,97e11582eb8cdd7b83e35a4243d81f79,5,1/12/2018 0:00,1/14/2018 22:44
8c6537ae1519a3c0375e4fd45438344b,a9a75c64cb5e9f7bc92e68ec13f05c45,5,4/6/2018 0:00,4/7/2018 3:11
34e5d18f3bb64d586812f8f1d8b53097,bf6861804f97bcf7644f603c5bcf7784,4,3/31/2017 0:00,4/1/2017 23:43
5733e2aeeb52b99d044a2a3644e1305d,5abb6c1ea24afdc6e26076bfaa7539cb,5,2/23/2018 0:00,2/23/2018 11:06
a34d2c4ace97245460e240e07db0212d,9cd3b6a2b07667e425975a219b4fc382,5,5/15/2018 0:00,5/20/2018 13:57
9bdb93e1339cdbc9bbfd95c5df00f82b,72b9d86fe4e984d9879013b9ecbb25db,5,4/24/2018 0:00,4/25/2018 20:28
0bd4dcc4f6c4621baf37f73495cad8c4,a11cd01ac67beef7e8bf09740d8a35c1,3,3/23/2017 0:00,3/23/2017 21:20
888f11883ff85fa5c07e6ae1192d85c4,248907ae8054cb8e93d5aa44857779b4,5,1/4/2018 0:00,1/5/2018 23:30
65dfeb60c40e3cbb0a1838285d86f885,a2714ecbf6eeb3bb9cd7dba6dc1c5e82,1,3/8/2018 0:00,3/8/2018 12:27
50a1eaa2f96d6f3e02d0cd68d92bab75,4a7cf245701068d38d441791b735e4bd,5,5/10/2018 0:00,5/11/2018 3:08
1090909faae22e5ab76903e8493063f1,a1341cb83bbf1b47392f4a3685d56bad,1,3/7/2018 0:00,3/7/2018 15:32
7b2d3a4794961271f9150b21fecfeed0,2964eb001b521cc23017f1c007a6712b,5,4/6/2018 0:00,4/8/2018 18:42
31b63ea961f9f43c21209d729d1c78e5,46d2d651f006b9b9440d1aa37d89c894,5,8/17/2018 0:00,8/31/2018 3:13
4d36f8266245b00faebc520e9cd963c0,b1cc044d321053348a5e482ca7e6b2e3,2,3/17/2018 0:00,3/17/2018 9:29
71bc170a5ad41ee9dee95f82a17860a8,a90b081d0efa436e072d5328ecd904a4,5,8/3/2017 0:00,8/3/2017 23:40
c5be8de5421e658a45042d6ca6a4ff64,61665389f0cccf5ec8135e3b05efc714,5,12/12/2017 0:00,12/13/2017 22:58
0c8b57ea62de568f13a0e101d344977e,41bc5a3d34a8e4ef91b2e7d9500694cf,5,7/12/2017 0:00,7/13/2017 1:02
edfbad2944ea758725486c3bbcd04f49,9d2aa61b374fac5dd063f36fefa602e1,3,3/28/2018 0:00,3/31/2018 3:25
bbf6c18e7c5a88b6adcb69af3b971207,828a705e0645673b538e803ca75a29b6,5,10/31/2017 0:00,11/6/2017 18:43
436f71c9cc0c1aab7f51dc0cd0820516,c676e726f8a14a9527b41b9dc50ca1bc,5,11/22/2017 0:00,11/22/2017 14:45
a47baae36cb2d3f2d8ab6449aee69ee4,2c1f923bfda154d36f6dad2084cbde2e,4,12/19/2017 0:00,12/22/2017 12:43
b83bcebb69cf373474b4cc3b10eb0bcc,c5d9ec893ee95eb55c4fa513cc606582,4,12/13/2017 0:00,12/15/2017 14:41
97d4feff1fd7129bee6cde095b9dac2a,b4039fffc67d7a5a75a3ba881d75e402,5,6/24/2017 0:00,6/29/2017 13:48
352609f0f2d34ce5d3b8de817ee948d5,96b947c986b42f213c9e6b8ccccedb89,3,8/25/2018 0:00,8/25/2018 20:53
28f275d52ccd8b6614b71430481450fd,7ed1923ef9c8ce180035acd26a2d8eae,5,6/21/2018 0:00,6/21/2018 20:33
d23ac17822a812782cf7f848b2a8b38b,705402bc1d956067338873d414158d09,1,4/22/2018 0:00,4/26/2018 10:25
52844d80504646db0b746167070b9db0,6f0d22f1ac98ca3892d88dd39842fc3f,5,5/10/2018 0:00,5/11/2018 11:56
1692078634b63c7f25aa90ee746ec498,5bc4e94aef2841f392fb6fe7ceef69b6,5,5/23/2018 0:00,5/28/2018 12:48
7df70380ca80dea85f0a7f1f57fa2f87,83177602aad708cea549501386b021c6,5,1/30/2018 0:00,1/30/2018 18:19
ff722b4c68783a4459a3adb9bb4e1d0d,b8702f50a689621ab21ef200b55a5b8d,3,1/16/2018 0:00,1/18/2018 23:25
8055e963f26f70c406ca517b2c2848e6,9218ec94cd0d96e4c3e6b8c1504aa8dc,5,12/17/2017 0:00,12/19/2017 17:31
7404a400814a04b9776eb50e1ef725d8,a14f7f38d99c7aba5db1566db11660a2,5,10/24/2017 0:00,10/25/2017 10:02
c2babb5fd0e3e13707274820a7227d25,0193a99edc8c599aaa16f9b9e991efb8,5,8/2/2018 0:00,8/3/2018 4:55
e128c3709dfb7fe87f162f7b34d1cc92,f04e5abb2044dbb28bbdd9aa470e4e8a,5,3/16/2018 0:00,3/17/2018 2:34
ae728c1061bf163b4bd256ad9ee0bb83,45c780334bc32cb77559a65c5f171160,1,1/4/2018 0:00,1/10/2018 9:52
41926e45719f9b923357ea3bb222195f,1601df22ba2f78168443e6f729e74868,5,8/29/2017 0:00,8/29/2017 21:06
2dfefb93bf83b269520fd5b13c917c31,394dd790418f78501396d1a2912d74ff,5,10/26/2017 0:00,10/26/2017 23:46
f195f1c82cc4be5839a1a3a2babf3a50,bcaff5892a4def087ea5036d6b89b9db,5,1/10/2018 0:00,1/17/2018 21:43
72730619a00e0ecdecf0a4ff862d8996,af76a45a10524549102e010f2bd9d3cd,1,11/7/2017 0:00,11/8/2017 21:54
ba3e82857e13ba647e843f5a4ade76c1,ebcb12dc163784a4dad2cddb8feb64aa,4,6/26/2018 0:00,6/26/2018 19:47
c5d83c2523ef15209c8faf5133a7bafb,7eba0b6b5cb480d65416e26e2528d250,4,12/16/2017 0:00,12/19/2017 23:21
5b713e49352337557efe509b2e801183,93e87829bab4127b8692f52a73df4284,1,11/23/2017 0:00,11/23/2017 10:32
4e18511741b7ba8896f192fae5858e0a,e7ec2ee871d40f0b32fb471cb07ad239,4,7/13/2018 0:00,7/16/2018 1:34
ba7e2a294a1c84d89bb8346d5343b74e,2ec63bd84c4e873ee8bf8786f4942673,5,7/27/2017 0:00,7/27/2017 23:51
ad0fb518df54cbb079834b68141941ee,cd2457140ff84327d7d7030053b80fce,4,8/10/2018 0:00,8/14/2018 23:35
deb68e90fe56fe23b61f76e429516f26,9d7ab082d6d8a4b069683e5a77db1261,5,9/14/2017 0:00,9/15/2017 11:40
766fc608e4f2683020fb0a121d9db23e,77fc7da5ef4df2c48276ae832072dcf1,5,1/10/2018 0:00,1/11/2018 7:47
5c37d7ba6ef2f031c34bb4fda3454018,bbd1b9ebbc5a09d51caaa2d10e0f93b5,2,12/17/2017 0:00,12/17/2017 12:14
e9cb7f668e6443a90158f7f9c90ab0f5,b98e145c0cd94f225072aa0e619d5d8f,5,12/27/2017 0:00,1/1/2018 18:45
83414f98136ce687f7eb69e555b2519c,36e05888e17fa68e55b13477d9b53d3e,5,10/24/2017 0:00,10/25/2017 19:36
46d8249ea59101c7288936c3e6f155d7,f25ddb6cd62d720a5d91fff80467930a,3,1/20/2018 0:00,5/15/2018 0:45
346317f9aff540395fe46893611854f8,546ffb713086001ce9f0009158f88b73,1,9/17/2017 0:00,9/18/2017 23:39
2685a4800004a12ec09d27264ff1915f,5c973d2b4652e1dec15353b59339f3b4,5,10/22/2016 0:00,10/26/2016 17:47
0dc56be1dabd04c994a0fce5478bb16d,f4c47c5163aecbdc7ce04fa55857b332,4,10/10/2017 0:00,10/11/2017 14:23
c422274e50e900b46fee429016c5458d,950bb159eea525ff8947b92c93b02f8e,3,9/24/2017 0:00,9/25/2017 14:09
369d4e59eab6f38a28c5033120180bdd,36d5bd2a92fd8d42046d3fd105357dba,5,6/22/2017 0:00,6/22/2017 23:36
5a27bebda2d497ab1fbc6f425abdc6b8,824ed066dde5116b8bcf4d75381e056d,5,4/12/2018 0:00,4/13/2018 11:56
a95d9b8de163612abddc0a2aae1131d5,140d9953eb16589e277967bbfcdf7ac5,3,8/26/2018 0:00,8/28/2018 15:04
4ada105731802020d66105508076cb49,6f393015477564624446a2b4c948c0f0,3,2/1/2018 0:00,2/1/2018 6:26
0d4821be98f78d25e14f37ac9d320a84,cc3db854dd878770935397762ee0e1ce,5,4/5/2018 0:00,4/5/2018 23:19
0ea6bcf44daa35a34247b889d2d21c9e,3284a74080329a1d90714bf77280db30,5,3/9/2018 0:00,3/11/2018 15:27
3f6d9482c57cdb5fc7012f7b9b5ed4c5,2a3251c95a3d5c57ed230021faa588a0,5,4/19/2018 0:00,4/22/2018 12:25
a55012f5c7e74353e92986be15d133b6,54b73f808b0ff25da4276773c30ac269,5,6/3/2017 0:00,6/4/2017 2:22
8e42039f9508e0fb21b61262ba2ce672,bea1d77e861b4f44276f02d599d25705,4,5/30/2017 0:00,5/31/2017 14:13
487f8ff16eaf366dc7c01652202048c3,d5ba80d74b52c335ae36398d6159e6ee,1,8/22/2017 0:00,8/22/2017 23:45
d95ffc47f9741048c6872cb8d3ed0e8b,f41ef35b2b93249c5239c5df242e8b28,5,5/16/2018 0:00,5/16/2018 23:16
072aa82842434b050889c89a33c699a7,f1367a0a8fa445363c4e6d5a529db4a5,3,11/15/2017 0:00,11/16/2017 8:47
b47ad9b11251939a7f684c19cf317830,54489dc43b208728294699a03e704d91,4,8/18/2017 0:00,8/21/2017 14:30
ef8ae544c432bb1053ba5990bd0d6227,e18ebd6286697a3f0f6fe267d8286cb2,1,1/12/2018 0:00,1/13/2018 0:28
aaab917291fea34988b9a0cb60e0716f,560f7585b57fcc9579460fa21c0d8ec1,1,4/5/2018 0:00,4/6/2018 11:06
3f73914ab5fc1cd68ad6757c93644349,3144812170fbb0c3b71bbd757609f605,5,3/14/2018 0:00,3/17/2018 10:26
e2fd85e5df711bd91e6e96e13c741843,c9645496b715730a1a5d07eb97a6bf6b,5,1/31/2017 0:00,2/1/2017 16:56
076e5ceb849c9ddf05cfb30bf223febb,30eb68f1adec947261593a874308f991,5,11/2/2017 0:00,11/2/2017 15:30
c3dc53293222872c90de63a9dc56902e,617b248faca8fe758da0640030f82f00,1,6/22/2018 0:00,6/22/2018 20:59
1f5f1df7e359907eaadcb67e73590c10,7958f96c87dcc4edd752ef1a39e75cd9,5,4/28/2018 0:00,4/29/2018 12:38
0f47555e4df6f6e31bb40c6ff7fb6fac,f81ed3e1a19bd4246ee3e90b01359eb0,2,10/2/2017 0:00,10/4/2017 23:54
033fb23c97ecb11c0548f4763bef5773,0b8c6aefe987f59ab3cea15927aedc8e,5,12/29/2017 0:00,12/29/2017 19:51
f7a4aac5a45a3653a0cb7a9c190a6332,7175aabb77705c82c70d16055bd2a380,4,12/20/2017 0:00,12/22/2017 21:00
42ae74a43661be8587b2e2db054179db,0a187dd7f4efe70e8c3b6e3779b3b133,5,9/14/2017 0:00,9/15/2017 14:15
d8f61c7fcd172785563a65cd65a8cea8,cf34fe44babb9fd001a001acfa43cabf,5,11/19/2017 0:00,11/22/2017 19:34
4d89dd30fcb3374bb3634e0850bb3ee6,7fd8bee2cb90a93904966af3fa39ff3a,5,12/2/2017 0:00,12/3/2017 1:31
1f83ac8151dd375e41ab519523ade3b1,e08878ad70acad81d0e90f59e56ce9a6,3,12/13/2017 0:00,12/17/2017 18:47
79927442ebcbf70b2021e1339bb9a51b,1c8898140458c37fbbf0be37d47193b9,5,4/27/2018 0:00,4/30/2018 8:04
ecb87d3794a6b2a32e6d9ebee0b8dee5,b1b42afa1e73f34f90872f5f1ec48391,5,8/4/2018 0:00,8/7/2018 18:50
77a5eb7708ea47c9dd27b268ab56b633,8883dd20e652369652c1abd7a411788f,5,8/21/2018 0:00,8/22/2018 10:55
14613df954694f243dedeaa2c8a3a5c2,1e91914c9706a5d4665b8c5a6294b107,4,5/15/2018 0:00,5/16/2018 23:41
5f938e5f5f2e9a75710b54feeb9ea610,d9ff0185a300435402f043124f530274,1,5/11/2018 0:00,5/14/2018 14:08
d7ea05bb4f9c77d606fd90b1a27e317d,bb5b0d8f3e9c964760c674f2aa2ae0cf,1,3/29/2018 0:00,3/29/2018 23:13
185cb85ede91009d7a8e685687c037ee,2e5dc86c8c4aa663549caf5e31de840d,1,4/6/2017 0:00,4/9/2017 18:25
0c9b6ca9b3beaf0fd5d621f63844ea01,cadd4c5765abf658117f2cc7e2a639c2,5,8/26/2018 0:00,8/29/2018 2:48
29b897a4c960516960b7dbe2ed0cb99a,4ecddf4ce273e32faaf71a4a8ed4676e,3,7/22/2018 0:00,7/24/2018 13:21
0beb430df734fb96c4f353165408b439,1e721ce42c736da389dc1e266e969acd,5,8/8/2017 0:00,8/10/2017 19:27
ab296dbde37f94824e4290893c67f917,163dbb9a9e122705518ab2735e1c6008,5,4/22/2018 0:00,4/24/2018 18:35
c399eafa15aafaecdd1d9008f5b34ed6,3081ddf6e7c6afa4e4124e7882486fcd,5,6/23/2017 0:00,6/24/2017 0:58
db168e3b1bb8b376934b2c5985cb3eda,4edd97a383a190e45e83c16cd6460d63,5,3/11/2018 0:00,3/11/2018 12:51
a03362dde282489127b112aeab3d6a82,a6ab143f24e590dc7c72a62bc4eab3af,4,7/25/2017 0:00,8/2/2017 18:15
fc58a37818aacbf958eca9d16b4e2e84,ed6de1d370dd47560f0d9c87c832b6fe,5,5/5/2018 0:00,5/5/2018 23:49
8ef36616bef00398b6e413c124f436c8,6925682cc441a2514cd15f7f17ece7b2,5,5/31/2017 0:00,6/1/2017 1:21
2636963d49a40a1d951eb0880fa1d36e,b8d7fee0274d75202bee63e9e71fec3f,5,5/12/2018 0:00,5/13/2018 11:05
57e994485c2ebd293e4fa9cd62e5bb96,201691efe89d4d71f36e5ea279a8759a,3,3/14/2018 0:00,3/16/2018 20:26
d83b784ad6ff9896198595107667a60c,5ac69d0f070172b49f4541b6dc1272c6,5,3/24/2018 0:00,3/26/2018 12:38
0ddace107051d27b273578e30c758518,f8b6b27efdf0f73f9e9d978fc503c45f,3,7/12/2018 0:00,7/13/2018 18:08
9d0f36ac2ecea44727adaa0e0fe064fe,3aa2600d02e113fa1145a76a2e90185f,4,7/13/2018 0:00,7/18/2018 13:32
0a3157c8e3e2b8b34dadee70c2174ab2,bb4648eb654b7296660ddcbc2ac64c0f,4,6/21/2018 0:00,6/22/2018 1:00
59d95e0b5b52d038dc3a022b7c912969,fc8c2e8bc069aea361c41c313464993c,5,7/4/2018 0:00,7/5/2018 0:56
ca21ff9bdc64ce15d2be8e09bbc5a115,2f6bbf69e7e15f419cef8a59761df265,1,5/6/2017 0:00,5/9/2017 11:19
4f38ceccf5f69828f45e871aad65266f,5a2aaa78e3c69a74dd64b28846deb199,4,8/30/2018 0:00,8/30/2018 18:04
a0adf7a439816b22050d6bf433cbbff6,15c8f741c0b7deafafea8af0f7bb6852,5,4/10/2018 0:00,4/13/2018 11:04
93fbbe62dcf6ffac99be013a1c68eb52,935f0d2ac8ce7ce29f5712d2637ddb33,5,2/20/2018 0:00,2/21/2018 9:42
c40a6b6e0181e5ec0d12cbc2e12c49d3,f3468d6a2c7586711e9952242898aad4,1,5/23/2018 0:00,5/23/2018 22:23
5241fcad10d7b45a1761f1e1e1536faa,0bcbcc3e0a09b3f6a9495de35f452616,5,7/7/2018 0:00,7/9/2018 18:12
a0c0cc2cb9e040c3ee6716ed79218fc2,40eb3456ddb929efd347db4817460755,4,8/29/2017 0:00,9/2/2017 0:11
d2322bd5a219c030b3c0d7a80fe27b8f,a69cfdf2a1c59f8ff05718f69d021e81,4,7/27/2018 0:00,7/28/2018 11:06
785eeef6b986a8606ac04b88a08ba52c,bdb2bc3c571eb25e242b01f591816c7b,4,10/6/2017 0:00,10/9/2017 13:44
2613eaca6e203ad90206bd06e3dc5684,75ad3bc2c20ac416220546b2268066dc,5,2/23/2018 0:00,3/26/2018 18:13
5f56971f3f82d508077fc035b7b734e7,bba3165de0a4f708a3fd065a5365e508,3,9/6/2017 0:00,9/7/2017 11:58
06f47dacd0575e592bf6a17e922ce6cd,82348f1b5f24ac795fa9320e02c49553,1,6/28/2018 0:00,6/29/2018 16:34
d36219dfadc3a5b07ab66670d23915ad,22613579f7d11cc59c4347526fc3c79e,5,10/19/2016 0:00,10/20/2016 12:40
5230dc021b8ce3fe53ed728af873a6d1,fc850201b579f014488f1cca40aaa06d,5,11/23/2017 0:00,11/25/2017 16:59
28642ce6250b94cc72bc85960aec6c62,e239d280236cdd3c40cb2c033f681d1c,5,3/25/2018 0:00,3/25/2018 21:03
4656b8ed41c17f6be05e911e211ecd8f,7bdfa70c4049e7319a3182997e27cb95,3,5/8/2018 0:00,5/10/2018 13:57
3a3ea86822a881a0e7c2245b37472eb9,02bd92abe094825e0683bacaacb64285,5,12/15/2017 0:00,12/15/2017 21:51
7c3ac85dbe77e3a5710651ffdf18657c,839b18549775e2e18c8af2ef891474a7,5,3/24/2018 0:00,3/24/2018 21:06
8ef0597f9b1870cf46c81358425f0e24,d451da9b109e1786f303924d04ed72a1,5,5/20/2017 0:00,5/22/2017 11:22
ee4e9d8ae6c7380d34d99f6138b0c542,c42ccab83afd0e50ca0d6089596b1b8b,4,4/14/2017 0:00,4/15/2017 6:22
a60dfbe4f5ccf7fb015fd9e3b33930d1,cd383d7a5f926abfe7b2ee1b80078b45,5,2/24/2017 0:00,4/1/2017 2:29
6b341682ab39af9fa00d72d7388c903b,fd65651f855608ad1aa52ff4a741c31a,3,5/10/2018 0:00,5/11/2018 1:15
bde35884f0abc51bddb28eb6fd181084,4709741e829775567b92abc42437b461,5,4/10/2018 0:00,4/11/2018 13:50
843ed738a1c772f69a83b391cf250932,f729e44f11c7a06db2838b465e8dd090,5,3/27/2018 0:00,4/1/2018 13:58
e4f0765c572989acb3d2d17c911ccce4,4b661d524b6f0788746514fb6f7ad3fa,3,12/13/2017 0:00,12/13/2017 16:35
bea8c2d959f0d6da23896d1b37df7b60,a251664f5760915d29631e4ea0a6f66e,5,6/6/2018 0:00,6/11/2018 20:06
557ae9c16a8ea3909db2fc5a01bc5151,287b045cfe9ba0ed08308efc06c366ae,3,5/24/2018 0:00,5/25/2018 12:23
5939898b5d2ac05454b2fe1aeecaad19,ff37040ee7efbb9709c2b4389c4c0fc4,5,3/9/2018 0:00,3/12/2018 10:32
e75a1e7f0e95d5eb41f6e6fa7c560821,9fbfe9199f9a0440a9f57f31c57ccc21,3,1/23/2018 0:00,1/24/2018 20:42
33dd28d996a4f17112cdacd7bbded8f8,1e94bea629f2a9ad149fc751e9880aab,5,10/10/2017 0:00,10/12/2017 22:43
87aa227006eb2fb086f3cbdaaa2fe764,352ad67deb8528562cff60c00dc6e99a,5,7/12/2018 0:00,7/12/2018 22:46
715742f4ae2149e82ead981971912530,73863aca434e1d117e45109bea6f1937,1,8/17/2018 0:00,8/17/2018 5:21
ef73c7836d8a58bb4d03c816b73230ea,1d96a7c14a9528634756937849d8467d,3,1/31/2018 0:00,1/31/2018 21:49
4140f2b38a5447bb90d453256604d8a3,78008d03bd8ef7fcf1568728b316553c,5,7/11/2018 0:00,7/11/2018 17:33
a89a2b0c2014bc49a0f87f1eedb7b269,22b1eef278d4416c1e867a55d1c39fea,5,5/26/2018 0:00,5/28/2018 22:46
cde97e23deec3aa11e838402378706ee,512ba2efae3409f37660ce26199b32aa,1,12/22/2017 0:00,12/22/2017 12:20
b2f9240b0a16650054680457ad518388,807bd7d79398132db47a02f8d49c60f8,1,2/24/2018 0:00,2/24/2018 18:26
3ff8285931cc9b54c9ad22ba78957f63,e6b23db78d4473c921fb9315e04b5c0f,1,5/14/2017 0:00,5/19/2017 10:38
0d7749e6d8cf50d052f7124ac4d0ce68,23d80303690482f9b28107267da8dade,5,5/30/2017 0:00,5/31/2017 11:19
cdc5c81bd9377ccbf9cb95f05648c31b,18956b40b774d6384c8539cd61784bd7,5,6/22/2018 0:00,6/24/2018 23:07
95e5dd3143be96fda1515602b321cd21,966d505c98ea667c11343331a5d67722,5,8/26/2017 0:00,8/27/2017 12:18
fdb0e5a14fb6456e28ce7b3b054b8843,eccb333547035c917db4396ff94c3182,3,2/16/2018 0:00,2/17/2018 21:35
7914fa319f12631679d1704d7dcd17df,06ecfa8dfae87263e05d953aa561603d,5,8/22/2018 0:00,8/23/2018 1:51
deb6f26fd2c11c556bc9245fd9203469,997cd0cc21c4cc23cf4b07c4f53834db,4,2/24/2018 0:00,2/25/2018 11:02
6591adaa3a855d13090d5fd151ad96c2,b3e8f5b15b942cacd19dba17d7179867,5,8/31/2017 0:00,9/1/2017 2:38
3ed2fb4d3cc7862bfa63bc388fe9435f,fa77b4aa91c0a9f2bc533e0dc380d9c2,4,8/11/2018 0:00,8/13/2018 13:48
8e9a28e03aec9af5e2c6b84b43745178,3c8aa4e17d7d0b7a6b3c5f8ea6d36038,5,7/7/2018 0:00,7/9/2018 22:00
b04bb28827ffa26870431840b2829f1c,96b8bacb04c05e3e178f33bf738f357b,3,1/17/2018 0:00,1/17/2018 23:00
3ec66627133a5ddca2ee88a81b95bb13,f7641c0de17b431a84de1c1b1cc508fd,4,10/17/2017 0:00,10/20/2017 1:10
c4a20a1d2d634f814cca9311edd60e99,1a558554b7f10eba1ffdd56ce469df63,5,4/21/2018 0:00,4/24/2018 14:26
81e7291e2f92b492eb0340f4406c6897,93720f5a467d2edd5e84e209e8a9a4f6,4,4/19/2018 0:00,4/22/2018 16:36
eb6d75bedecae7b3dbea11b8530637d8,00b9e0f8f588d0406a3de447eb606970,5,2/17/2018 0:00,2/19/2018 16:20
593f9b33c3a4c74e37b7b7c49f0cedc4,268762d6a983092f8632e379836806eb,5,9/7/2017 0:00,9/13/2017 13:51
a36150969fe6bd09ed011dd78aeb0189,ef1b29b591d31d57c0d7337460dd83c9,1,11/2/2016 0:00,11/3/2016 12:04
2c303fb6b2f9c16f324f7deb88e736fe,d9fb85f3f3239e18e331c9f622d6998b,5,8/8/2018 0:00,8/9/2018 5:27
43992f6d75ecc01ddd8c748b9362bc81,55b5a2fb966c36bed46f082ad6062914,1,3/23/2018 0:00,3/23/2018 23:21
8b4c14417bccab81710772ecb8b23fd6,62a575a2a9f2c005b7ec7ff7dd76d5ee,1,8/3/2018 0:00,8/4/2018 19:32
678e365210564367e0492d100b977f0b,496b982d1f2a1315fcbf81ae2fed02a4,5,6/7/2017 0:00,6/9/2017 19:26
3528296df9092b7a7b88bd036e3f8a8e,dae4fcb62b78ccf2ff3ac4d49113a8f5,5,7/14/2018 0:00,7/17/2018 14:28
252b934455d29ca8cc070504686ecc52,4806c15e687faabdb46ca2643cfcfa6e,1,3/14/2018 0:00,3/14/2018 8:59
1b76e88159db434a903b2f6ce68e2c6a,c87cf593c8c9e0e59f1039a2bb8e5d44,5,8/15/2018 0:00,8/16/2018 12:59
62643d4b292ce733f36482b980a08ecb,22c9adee57f279cc5b0741ddabc89e6b,5,7/24/2018 0:00,7/25/2018 3:29
b736ff4204044e49e39062584d06fa74,993da8482e658ec7f1d0c6d955604936,1,8/24/2018 0:00,8/27/2018 5:20
c7475b2c4448321756b6136327f1394e,e11c61aa2d539f826865ea728496f6d4,5,8/23/2018 0:00,8/24/2018 18:42
e986690c0aab61c59b4e95d9faea5788,ace0c35b85db51d5c8dd029487bb9f34,5,1/30/2018 0:00,1/31/2018 10:01
44cdb9cb9c9f8d6bcea59e0b61b8df6a,1a2cff485ae2a17b68b6ccefb1ecdf93,5,12/13/2017 0:00,12/16/2017 19:33
927eaaaaeebc8579c91927f2d0b40049,c835e0746829dbae8bb92fb818ba654d,5,10/8/2017 0:00,10/9/2017 14:07
65b934c20d632fc2df0fd4723464fa78,824d9780d0313771024a0c70fe9dd9a7,3,6/12/2018 0:00,6/12/2018 22:36
af9e54a155c1248534f1fa60179c6393,afb1e1ccaac288ec1ab9754e2e36cdaf,5,12/5/2017 0:00,12/6/2017 0:38
ea12cd666e65ef6cfc48e7ddd8596833,93a157bd42d5aee115dbfbca895d9998,4,9/23/2017 0:00,9/24/2017 21:45
0cffe0e5a8d15b6159dd64768d110521,5899e054139c0623eb7e33c47f32b68a,5,7/5/2017 0:00,7/5/2017 15:09
8023f946d9b261cb0ecb604703427917,f23c71439ab24ac853522e783dd7dec2,5,5/5/2018 0:00,5/6/2018 0:28
4faa35770cc4dbf5f2725bcebdd1bdc6,60c6581ec5ed9187370902a251501b8c,5,1/18/2018 0:00,1/18/2018 18:08
c239d18d7e310e477d5e7b76b362db1d,80a2b0dcabefef6a83477204433b2482,1,3/11/2018 0:00,3/13/2018 21:17
24972a8c126b024fb6344a60aaebd39f,5e791294b4404ec12340f4c938c10cbb,5,2/25/2018 0:00,2/27/2018 20:17
5cc663b86b8e633c513546914eca82d4,1e9ea7d5f669d780b187f487a03c3f7b,2,11/24/2017 0:00,11/27/2017 12:46
b3df5ccdfff218d039dd166e3da759f5,33fb6b947580ee29bd0c6babed6049c1,2,3/1/2018 0:00,3/4/2018 21:45
c11da18223114c483b887b9914045f79,468c2f34312a6d270a20c7aef082041c,2,6/7/2017 0:00,6/9/2017 6:12
ed1abc8df9e01dae7a468e4a5b73fa2b,4c93b283893b057fe314b13138f01119,5,6/24/2018 0:00,6/26/2018 21:13
9a1ee0715c046406c61aa17f5c329f58,1882b3d31fb4a660930adb0ba04e8680,5,2/20/2018 0:00,2/21/2018 4:09
57b95e70db33ca1f983ac8d08df711b5,50f39d306a35f31046305de54b1527ec,5,4/17/2018 0:00,4/18/2018 1:35
6f885e2fd69412264d9e74e805175d53,108e1d5b7a25ff07b49e500b1c7ae4b0,1,6/22/2017 0:00,6/23/2017 19:35
814105994749e97a5609f7d41c165f6b,4de53bbf0a2a3bae777eb829a3145c9c,5,2/9/2018 0:00,2/11/2018 23:12
0185df4755be7045d22b951fba4a4b58,e5700a52207ef266413e9f43a7b0d5f6,5,8/24/2018 0:00,8/26/2018 22:08
b5b0dca838fa6e57dab66388f05c66b1,9e988375e80989b9914b695cd57654cb,5,3/22/2017 0:00,4/17/2017 5:39
2ac08e70bba7ad45079a8bfc15233952,814525d9a609035835b96f52ca9047eb,5,8/29/2018 0:00,8/30/2018 9:56
b83ba2a97932a8a661f5bf8eac7642bd,f464bdc3b17c2085e54b66d8e5ae1695,5,5/31/2017 0:00,6/1/2017 13:56
a6c58307ee35180cf0dc1d39466db359,796b04ac2c7b508683f6010238b991f1,5,12/23/2017 0:00,12/29/2017 22:56
31a346e6f2cf783b145080e2f4dc6e32,35ff30856e32d0b5a4a2abe36bc26f4e,4,10/22/2017 0:00,10/24/2017 18:12
68c49ef4957e7d9d5ce406058b4848c3,fc24b77521e400e8290a902026efcc85,4,8/8/2017 0:00,8/11/2017 10:31
f7eb8792e67d53e01a224bfa9b6802b2,a0f2f8b0523207a13f02225bc812ed23,1,8/5/2018 0:00,8/5/2018 9:27
dd9696ded8cb3022c952eadcc83432e9,da56c7c0b595c544c33fa7d3ea80de80,5,4/28/2018 0:00,4/28/2018 19:48
036bac7dcf336feff8ee82009a67b01d,a7798126c7238a769777af04c3d19e71,5,2/28/2018 0:00,3/2/2018 1:26
4940d39efaa50e020312724f6a6e5efa,1a1ef8dc595adbce0e5d75d806d69286,5,6/8/2018 0:00,6/8/2018 20:47
0ab6a11e5c1275beaad02a171286c7ce,75b96a3b1a4aa70f1b20c1e86020cfd3,5,6/12/2018 0:00,6/15/2018 11:52
7bd303edd3865abe8addb98d2a2e6577,d66d818e0e5486b4382bdaad63390b53,5,8/1/2018 0:00,8/1/2018 18:52
bb066f2c00dd1116cd31ec9b250b22f0,fd146e195b9e3e00d02a5bf4208e043a,5,6/11/2018 0:00,6/13/2018 18:18
76a2c91e6bf615fe58abe97b55a19ee1,ff014de83d667807820e68d8ea975281,5,6/30/2018 0:00,7/3/2018 13:33
176cc048a52801ae90f9284cb9ec83e9,758c123811f3da2280246ba25f4938d1,5,6/7/2018 0:00,6/8/2018 1:40
cc2b21775364b08a1ee52c1405cef6fa,8624ba83187b6280c6d8b7664a5f5607,5,4/21/2018 0:00,4/24/2018 15:12
5bf1a70143253c588a56357140b572ce,ab8c4bf0204081a450dae1139f6eacb5,5,12/19/2017 0:00,12/19/2017 22:43
930654bbac6c1f865eed4e39127eac9c,2c9e182f7a193ad787c1e4dda16768c1,4,8/7/2018 0:00,8/7/2018 22:19
11caa17c5966423a2f73ded6a13ad638,15a31c39dee81bc534abff1f9b5ec6c2,5,7/26/2017 0:00,7/27/2017 9:16
9648ffe0a9fe06e89225f782dec7f3ef,aa3ae718cc36bc728bd78c098dc84c24,5,3/9/2018 0:00,3/9/2018 19:35
84ae94ac7146889400b0c58f5baa7cde,39841bda2ced6b58fb455964b6ad0f05,1,7/8/2017 0:00,7/8/2017 15:56
c01eaa86159b994afb4c5eb920993ebc,16e38caa92e342c7780f68832f832d4d,5,5/25/2018 0:00,5/25/2018 3:45
4dd68a0dee5ede8a445f797c46bca436,ac706ac9421036e88d5b2c96b058aba6,1,7/5/2017 0:00,7/11/2017 10:20
4f535d7213ad272d4f5f1f849de3f441,a085154af3d68d11b256a6facc891a56,5,12/5/2017 0:00,12/6/2017 4:16
d860fd3252122f7453a5810977446a0b,a80d60911463339180881ccd9364d98f,4,2/24/2018 0:00,2/25/2018 20:02
d3026389eec4fc7f7bf2b2dc457ea02c,51c7edabb9739b6998ee68efb7e10d31,3,3/6/2018 0:00,3/6/2018 21:00
f55ac350831de6694d569e9c0176dacd,92cd4be4e992be4ab03304531ce6c5f9,1,1/31/2018 0:00,2/1/2018 2:12
2b4a570df87cd63b232272dd9dcac0cf,da532e87f26c130e0b3184bdd837982b,5,9/26/2017 0:00,9/27/2017 8:54
3fb929ba2924ff0a47858efb007ceee1,df8e5e994bcc820fcf403f9a875201e6,5,8/7/2018 0:00,8/8/2018 12:05
4ab6671319156f978e972e2ac2c48ad8,897fab0704eda65c69520010b02a3fee,4,5/19/2018 0:00,5/21/2018 12:29
